TimeCnt,Angles,Velocities
0,"[2, 173, 174, 178, 27, 175, 177, 11, 14]","[0, 0, 0, 0, 0, 0, 0, 0, 0]"
0.5,"[1, 162, 163, 179, 26, 175, 176, 10, 15]","[0, -0.03272727272727273, -0.025454545454545455, 0, -0.0036363636363636364, -0.0018181818181818182, -0.0036363636363636364, -0.007272727272727273, 0]"
1,"[0, 19, 19, 179, 25, 174, 176, 12, 13]","[-0.00199203187250996, -0.2848605577689243, -0.2868525896414343, 0, -0.00199203187250996, -0.00199203187250996, 0, 0.00398406374501992, -0.00398406374501992]"
1.5,"[0, 14, 18, 179, 25, 177, 177, 14, 15]","[0, -0.009578544061302681, -0.0019157088122605363, 0, 0, 0.005747126436781609, 0.0019157088122605363, 0.0038314176245210726, 0.0038314176245210726]"
2,"[0, 13, 19, 179, 26, 178, 179, 14, 14]","[0, -0.0019230769230769232, 0.0019230769230769232, 0, 0.0019230769230769232, 0.0019230769230769232, 0.0038461538461538464, 0, -0.0019230769230769232]"
2.5,"[2, 39, 39, 179, 27, 172, 175, 12, 14]","[0.003669724770642202, 0.047706422018348627, 0.03669724770642202, 0, 0.001834862385321101, -0.011009174311926606, -0.007339449541284404, -0.003669724770642202, 0]"
3,"[3, 167, 168, 179, 26, 173, 177, 11, 12]","[0.0018552875695732839, 0.23747680890538034, 0.23933209647495363, 0, -0.0018552875695732839, 0.0018552875695732839, 0.0037105751391465678, -0.0018552875695732839, -0.0037105751391465678]"
3.5,"[2, 174, 175, 179, 27, 176, 179, 12, 12]","[-0.0018315018315018315, 0.01282051282051282, 0.01282051282051282, 0, 0.0018315018315018315, 0.005494505494505495, 0.003663003663003663, 0.0018315018315018315, 0]"
4,"[2, 175, 174, 180, 27, 175, 178, 12, 11]","[0, 0.001834862385321101, -0.001834862385321101, 0.001834862385321101, 0, -0.001834862385321101, -0.001834862385321101, 0, -0.001834862385321101]"
