TimeCnt,Angles,Velocities
0,"[1, 180, 172, 179, 26, 178, 178, 13, 11]","[0, 0, 0, 0, 0, 0, 0, 0, 0]"
0.5,"[2, 179, 176, 180, 26, 178, 178, 13, 13]","[0.0019047619047619048, -0.0019047619047619048, 0.007619047619047619, 0.0019047619047619048, 0, 0, 0, 0, 0.0038095238095238095]"
1,"[0, 169, 165, 178, 24, 175, 177, 12, 13]","[-0.003838771593090211, -0.019193857965451054, -0.02111324376199616, -0.003838771593090211, -0.003838771593090211, -0.005758157389635317, -0.0019193857965451055, -0.0019193857965451055, 0]"
1.5,"[0, 23, 20, 179, 24, 175, 179, 12, 12]","[0, -0.27238805970149255, -0.27052238805970147, 0.0018656716417910447, 0, 0, 0.0037313432835820895, 0, -0.0018656716417910447]"
2,"[1, 15, 15, 180, 25, 178, 179, 13, 15]","[0.0018726591760299626, -0.0149812734082397, -0.009363295880149813, 0.0018726591760299626, 0.0018726591760299626, 0.0056179775280898875, 0, 0.0018726591760299626, 0.0056179775280898875]"
2.5,"[0, 11, 19, 180, 25, 179, 180, 13, 13]","[-0.0018050541516245488, -0.007220216606498195, 0.007220216606498195, 0, 0, 0.0018050541516245488, 0.0018050541516245488, 0, -0.0036101083032490976]"
3,"[1, 151, 86, 180, 24, 176, 180, 14, 15]","[0.0017064846416382253, 0.23890784982935154, 0.11433447098976109, 0, -0.0017064846416382253, -0.005119453924914676, 0, 0.0017064846416382253, 0.0034129692832764505]"
3.5,"[2, 170, 165, 178, 24, 177, 179, 10, 11]","[0.001869158878504673, 0.03551401869158879, 0.14766355140186915, -0.003738317757009346, 0, 0.001869158878504673, -0.001869158878504673, -0.007476635514018692, -0.007476635514018692]"
4,"[0, 176, 173, 179, 26, 177, 178, 12, 12]","[-0.0035714285714285713, 0.010714285714285714, 0.014285714285714285, 0.0017857142857142857, 0.0035714285714285713, 0, -0.0017857142857142857, 0.0035714285714285713, 0.0017857142857142857]"